actual,proposed
0.0,0.0
0.0,0.0
0.0,0.0
0.0,0.0
0.0,0.0
0.0,0.0
0.0,0.0
-0.06908771395683289,0.0
-0.0718885213136673,-0.002733889501541853
-0.07375572621822357,-0.006302616558969021
-0.07562292367219925,-0.010517501272261143
-0.08231135457754135,-0.015273388475179672
-0.08627808094024658,-0.02109702304005623
-0.0882614403963089,-0.027591658756136894
-0.09123647958040237,-0.03443894907832146
-0.09520316869020462,-0.041830647736787796
-0.09851530194282532,-0.04994530603289604
-0.10249559581279755,-0.05864847078919411
-0.10747094452381134,-0.06814061105251312
-0.11344131827354431,-0.07797319442033768
-0.11841660737991333,-0.08684022724628448
-0.12584461271762848,-0.0947343185544014
-0.13289155066013336,-0.10251189023256302
-0.13993841409683228,-0.11010681092739105
-0.14597854018211365,-0.11756470799446106
-0.15403196215629578,-0.1246681660413742
-0.16309194266796112,-0.1320091187953949
-0.15489612519741058,-0.13977982103824615
-0.16214215755462646,-0.14355890452861786
-0.16938813030719757,-0.1482047140598297
-0.17663399875164032,-0.15350057184696198
-0.1838797926902771,-0.15928392112255096
-0.19743956625461578,-0.1654328852891922
-0.20496012270450592,-0.1734345555305481
-0.2124805897474289,-0.18131595849990845
-0.21812087297439575,-0.18910710513591766
-0.22470109164714813,-0.1963605433702469
-0.22390331327915192,-0.2034456878900528
-0.22936350107192993,-0.20856009423732758
-0.23573365807533264,-0.21376094222068787
-0.24119369685649872,-0.21925412118434906
-0.24574369192123413,-0.22473901510238647
-0.26237788796424866,-0.2299901843070984
-0.2671300768852234,-0.23808711767196655
-0.27093181014060974,-0.24534785747528076
-0.2756839096546173,-0.2517438530921936
-0.2794855535030365,-0.2577288746833801
-0.2832871675491333,-0.2631680369377136
-0.311274915933609,-0.26819783449172974
-0.3153965175151825,-0.27896708250045776
-0.3184877038002014,-0.28807446360588074
-0.3195180892944336,-0.2956777513027191
-0.3195180892944336,-0.30163782835006714
-0.26082804799079895,-0.30610790848731995
-0.26082804799079895,-0.2947879433631897
-0.26082804799079895,-0.2862979769706726
-0.26082804799079895,-0.2799305021762848
-0.26082804799079895,-0.27515488862991333
-0.24041633307933807,-0.27157315611839294
-0.24041633307933807,-0.2637839615345001
-0.2396358996629715,-0.2579420506954193
-0.23807501792907715,-0.25336551666259766
-0.23729458451271057,-0.24954289197921753
-0.30644071102142334,-0.2464808225631714
-0.3033873438835144,-0.2614707946777344
-0.1999959945678711,-0.2719499170780182
-0.19796237349510193,-0.253961443901062
-0.19525088369846344,-0.2399616837501526
-0.19321726262569427,-0.22878398001194
-0.18482241034507751,-0.21989229321479797
-0.18221034109592438,-0.21112482249736786
-0.18025128543376923,-0.20389620959758759
-0.17829221487045288,-0.197984978556633
-0.17502710223197937,-0.19306178390979767
-0.14439891278743744,-0.1885531097650528
-0.14330504834651947,-0.17751456797122955
-0.14057038724422455,-0.16896218061447144
-0.13947650790214539,-0.1618642359972
-0.13783571124076843,-0.15626730024814606
-0.1481766253709793,-0.15165939927101135
-0.14698652923107147,-0.15078870952129364
-0.14639148116111755,-0.1498381644487381
-0.14579643309116364,-0.14897648990154266
-0.1446063369512558,-0.1481814831495285
-0.13512052595615387,-0.14728769659996033
-0.13456450402736664,-0.144245907664299
-0.13456450402736664,-0.14182555675506592
-0.13512052595615387,-0.1400102972984314
-0.1356765478849411,-0.13878785073757172
-0.1373445987701416,-0.13801002502441406
-0.1592152863740921,-0.13784366846084595
-0.16178306937217712,-0.1431865692138672
-0.16370889544487,-0.14783570170402527
-0.16627667844295502,-0.15180400013923645
-0.1694863736629486,-0.1554221659898758
-0.17415045201778412,-0.1589382141828537
-0.17738714814186096,-0.1627412736415863
-0.18127115070819855,-0.16640274226665497
-0.18580244481563568,-0.17011983692646027
-0.19033372402191162,-0.17404049634933472
-0.22304661571979523,-0.17811380326747894
-0.23199686408042908,-0.18934699892997742
-0.2387094646692276,-0.20000946521759033
-0.24616777896881104,-0.20968446135520935
-0.25288015604019165,-0.21880529820919037
-0.2375815212726593,-0.2273240089416504
-0.2465582638978958,-0.22988839447498322
-0.25208231806755066,-0.23405586183071136
-0.25829681754112244,-0.2385624647140503
-0.26451119780540466,-0.24349606037139893
-0.26796358823776245,-0.24874983727931976
-0.2915705740451813,-0.25355327129364014
-0.29811280965805054,-0.2630575895309448
-0.30392804741859436,-0.27182140946388245
-0.30974313616752625,-0.2798480689525604
-0.31483128666877747,-0.2873218357563019
-0.30518847703933716,-0.2941991984844208
-0.3100423514842987,-0.29694652557373047
-0.31212255358695984,-0.30022045969963074
-0.31281596422195435,-0.303195983171463
-0.3148961365222931,-0.30560097098350525
-0.3242836594581604,-0.3079247772693634
-0.3249899446964264,-0.31201449036598206
-0.3256962299346924,-0.31525835394859314
-0.3278150260448456,-0.31786781549453735
-0.3292275369167328,-0.3203546106815338
-0.3755992650985718,-0.32257285714149475
-0.37639978528022766,-0.3358294665813446
-0.3755992650985718,-0.3459720313549042
-0.3747987449169159,-0.35337886214256287
-0.27781012654304504,-0.3587338328361511
-0.2512248754501343,-0.3385029137134552
-0.2501375377178192,-0.3166833817958832
-0.24905018508434296,-0.3000469207763672
-0.2479628175497055,-0.2872977554798126
-0.24687547981739044,-0.27746400237083435
-0.2457880973815918,-0.26981687545776367
-0.22436940670013428,-0.2638096809387207
-0.22287051379680634,-0.2539496123790741
-0.2213716059923172,-0.24617983400821686
-0.21987269818782806,-0.23997777700424194
-0.21837379038333893,-0.23495151102542877
-0.24369306862354279,-0.2308070808649063
-0.24313294887542725,-0.23402857780456543
-0.24201272428035736,-0.23630467057228088
-0.24089248478412628,-0.2377316802740097
-0.2397722601890564,-0.23852188885211945
-0.2217925488948822,-0.2388344705104828
-0.22075141966342926,-0.23457399010658264
-0.2197103053331375,-0.2311183512210846
-0.21918973326683044,-0.22826634347438812
-0.21918973326683044,-0.225997194647789
-0.19730335474014282,-0.22429533302783966
-0.19730335474014282,-0.21754732728004456
-0.19730335474014282,-0.21248634159564972
-0.1963639259338379,-0.2086905837059021
-0.19589421153068542,-0.20560891926288605
-0.1949547827243805,-0.2031802386045456
-0.22265653312206268,-0.20112387835979462
-0.22372683882713318,-0.20650704205036163
-0.22533227503299713,-0.21081198751926422
-0.22640256583690643,-0.21444205939769745
-0.22693772614002228,-0.2174321860074997
-0.2030028998851776,-0.21980856359004974
-0.20347937941551208,-0.215607151389122
-0.20395585894584656,-0.21257521212100983
-0.20395585894584656,-0.2104203701019287
-0.20490878820419312,-0.20880423486232758
-0.21461404860019684,-0.20783036947250366
-0.21511192619800568,-0.20952630043029785
-0.21560978889465332,-0.2109227031469345
-0.216605544090271,-0.2120944708585739
-0.21710340678691864,-0.21322225034236908
-0.21809916198253632,-0.21419253945350647
-0.20324808359146118,-0.21516919136047363
-0.1600855439901352,-0.21218891441822052
-0.16044935584068298,-0.19916307926177979
-0.16081315279006958,-0.189484640955925
-0.16117694973945618,-0.18231676518917084
-0.17954115569591522,-0.17703181505203247
-0.1799464076757431,-0.17765915393829346
-0.18035165965557098,-0.17823097109794617
-0.18075689673423767,-0.17876113951206207
-0.18116213381290436,-0.17926007509231567
-0.14241351187229156,-0.17973558604717255
-0.14273136854171753,-0.1704050749540329
-0.14336711168289185,-0.16348664462566376
-0.14432071149349213,-0.15845675766468048
-0.1452743113040924,-0.154922753572464
-0.15014398097991943,-0.1525106430053711
-0.15144950151443481,-0.15191897749900818
-0.1527549922466278,-0.15180160105228424
-0.154060497879982,-0.15203996002674103
-0.15536600351333618,-0.15254509449005127
-0.15699787437915802,-0.1532503217458725
-0.14560621976852417,-0.15418720245361328
-0.14740370213985443,-0.152041956782341
-0.14890159666538239,-0.15088239312171936
-0.15099866688251495,-0.15038719773292542
-0.15309572219848633,-0.1505400687456131
-0.15650251507759094,-0.1511789709329605
-0.1586131751537323,-0.152509868144989
-0.16102536022663116,-0.15403568744659424
-0.16343751549720764,-0.15578310191631317
-0.16615121066570282,-0.1576967090368271
-0.21907706558704376,-0.15981033444404602
-0.2222062647342682,-0.17462702095508575
-0.2249443084001541,-0.18652182817459106
-0.22846461832523346,-0.19612744450569153
-0.2319849133491516,-0.2042117416858673
-0.27835947275161743,-0.2111550271511078
-0.28113776445388794,-0.2279561460018158
-0.28391605615615845,-0.24125155806541443
-0.2871573567390442,-0.25191769003868103
-0.29039862751960754,-0.26072758436203003
-0.3055165112018585,-0.268145352602005
-0.3088887631893158,-0.2774881422519684
-0.3112974762916565,-0.28533831238746643
-0.3141879141330719,-0.29182809591293335
-0.3165965974330902,-0.2974180579185486
-0.2627622187137604,-0.3022126853466034
-0.24125847220420837,-0.29235008358955383
-0.2419806867837906,-0.2795771658420563
-0.2419806867837906,-0.27017804980278015
-0.2423417717218399,-0.26312869787216187
-0.2427028864622116,-0.25793197751045227
-0.24635188281536102,-0.2541247010231018
-0.2467184215784073,-0.2521815001964569
-0.24745146930217743,-0.2508157193660736
-0.2478179931640625,-0.24997466802597046
-0.24818451702594757,-0.24943549931049347
-0.2950763702392578,-0.249122753739357
-0.2946406304836273,-0.2606111466884613
-0.29376915097236633,-0.2691185176372528
-0.29333341121673584,-0.2752811908721924
-0.29333341121673584,-0.27979424595832825
-0.33092692494392395,-0.28317901492118835
-0.33092692494392395,-0.29511600732803345
-0.33092692494392395,-0.3040687143802643
-0.3314177393913269,-0.3107832670211792
-0.3314177393913269,-0.3159419000148773
-0.33190858364105225,-0.3198108673095703
-0.37093740701675415,-0.3228352963924408
-0.3720311224460602,-0.33486080169677734
-0.373124897480011,-0.34415340423583984
-0.373124897480011,-0.35139626264572144
-0.3736717700958252,-0.3568284213542938
-0.38925623893737793,-0.36103925108909607
-0.3903938829898834,-0.36809349060058594
-0.39210036396980286,-0.3736686110496521
-0.34205591678619385,-0.378276526927948
-0.34304556250572205,-0.36922138929367065
-0.37187525629997253,-0.3626774251461029
-0.37187525629997253,-0.3649768829345703
-0.3724116384983063,-0.36670148372650146
-0.3724116384983063,-0.36812901496887207
-0.3729480504989624,-0.36919966340065
-0.3729480504989624,-0.3701367676258087
-0.3574502468109131,-0.37083959579467773
-0.3579636216163635,-0.3674922585487366
-0.3579636216163635,-0.3651100993156433
-0.3589903712272644,-0.36332347989082336
-0.3600171208381653,-0.362240195274353
-0.3705211281776428,-0.3616844415664673
-0.3715732991695404,-0.3638935983181
-0.3726254999637604,-0.3658135235309601
-0.37420374155044556,-0.36751651763916016
-0.37578198313713074,-0.3691883385181427
-0.43392235040664673,-0.3708367347717285
-0.4363417327404022,-0.38660815358161926
-0.43876105546951294,-0.3990415334701538
-0.44118040800094604,-0.4089713990688324
-0.4429948329925537,-0.4170236587524414
-0.4715675711631775,-0.4235164523124695
-0.47349098324775696,-0.4355292320251465
-0.42240166664123535,-0.4450196623802185
-0.4246774911880493,-0.4393651783466339
-0.4263843595981598,-0.43569326400756836
-0.4705367386341095,-0.4333660304546356
-0.473034530878067,-0.4426586925983429
-0.4761567711830139,-0.4502526521682739
-0.4786545932292938,-0.4567286968231201
-0.48115232586860657,-0.46221017837524414
-0.4836500585079193,-0.46694570779800415
-0.5393638610839844,-0.47112178802490234
-0.5435143709182739,-0.48818230628967285
-0.5462813377380371,-0.5020153522491455
-0.5497400164604187,-0.5130818486213684
-0.5538904070854187,-0.5222463607788086
-0.5959321856498718,-0.5301573872566223
-0.5996295809745789,-0.5466011166572571
-0.6025874018669128,-0.5598582029342651
-0.6062847375869751,-0.5705404877662659
-0.6092424988746643,-0.5794765949249268
-0.6583497524261475,-0.5869180560112
-0.6615298390388489,-0.6047759652137756
-0.6655048131942749,-0.618964433670044
-0.6694796681404114,-0.6305995583534241
-0.6726595163345337,-0.6403195858001709
-0.7731040120124817,-0.6484045386314392
-0.7712302803993225,-0.6795794367790222
-0.7748317718505859,-0.7024921178817749
-0.7793336510658264,-0.7205770611763
-0.7829349040985107,-0.7352662086486816
-0.8587606549263,-0.7471833825111389
-0.8636736869812012,-0.7750777006149292
-0.8676038980484009,-0.7972266674041748
-0.8705514073371887,-0.8148210048675537
-0.8744814991950989,-0.8287535905838013
-0.8784113526344299,-0.8401855826377869
-0.9930347204208374,-0.8497419953346252
-0.9974545240402222,-0.8855651617050171
-0.9996643662452698,-0.9135375022888184
-1.002979040145874,-0.93506920337677
-1.0051887035369873,-0.9520466923713684
-1.0633149147033691,-0.9653322100639343
-1.0633149147033691,-0.9898278713226318
-1.0644819736480713,-1.008199691772461
-1.0691498517990112,-1.0222702026367188
-1.0714837312698364,-1.0339901447296143
-1.3484917879104614,-1.0433635711669922
-1.3470228910446167,-1.119645595550537
-1.3499605655670166,-1.1764899492263794
-1.3528982400894165,-1.2198575735092163
-1.3573042154312134,-1.2531177997589111
-1.5573174953460693,-1.279164433479309
-1.5589995384216309,-1.3487026691436768
-1.562363624572754,-1.40127694606781
-1.562363624572754,-1.4415485858917236
-1.562363624572754,-1.471752405166626
-1.5640455484390259,-1.4944051504135132
-1.7891957759857178,-1.5118153095245361
-1.791113257408142,-1.5811604261398315
-1.7930307388305664,-1.6336486339569092
-1.7987827062606812,-1.6734942197799683
-1.8006999492645264,-1.7048163414001465
-2.0170812606811523,-1.7287871837615967
-2.0213654041290283,-1.8008607625961304
-2.0235073566436768,-1.8559869527816772
-2.0235073566436768,-1.8978670835494995
-2.0235073566436768,-1.9292771816253662
-2.4711484909057617,-1.9528347253799438
-2.473745346069336,-2.0824131965637207
-2.473745346069336,-2.180246353149414
-2.476341962814331,-2.2536211013793945
-2.473745346069336,-2.3093011379241943
-2.473745346069336,-2.350412368774414
-2.884892463684082,-2.3812456130981445
-2.884892463684082,-2.507157325744629
-2.890901565551758,-2.601591110229492
-2.8939056396484375,-2.6739187240600586
-2.8999130725860596,-2.7289154529571533
-3.1076269149780273,-2.77166485786438
-3.110826253890991,-2.8556554317474365
-3.114025354385376,-2.919448137283325
-3.1076269149780273,-2.968092441558838
-3.1076269149780273,-3.0029759407043457
-3.464747428894043,-3.0291388034820557
-3.461209535598755,-3.1380410194396973
-3.461209535598755,-3.2188329696655273
-3.461209535598755,-3.2794270515441895
-3.4576711654663086,-3.3248727321624756
-3.6787192821502686,-3.358072280883789
-3.6824653148651123,-3.4382340908050537
-3.6824653148651123,-3.4992918968200684
-3.6824653148651123,-3.5450851917266846
-3.6824653148651123,-3.579430341720581
-3.880425453186035,-3.605189085006714
-3.8725829124450684,-3.6739981174468994
-3.8647384643554688,-3.723644495010376
-3.8686609268188477,-3.758918046951294
-3.8686609268188477,-3.786353588104248
-3.8686609268188477,-3.8069305419921875
-4.008702278137207,-3.8223631381988525
-4.00465202331543,-3.868947982788086
-4.000600337982178,-3.902873992919922
-3.996548652648926,-3.9273056983947754
-3.996548652648926,-3.9446163177490234
-4.058136940002441,-3.957599401473999
-4.058136940002441,-3.982733726501465
-4.054023742675781,-4.001584529876709
-4.049910068511963,-4.0146942138671875
-4.049910068511963,-4.023498058319092
-4.1889519691467285,-4.030101299285889
-4.1931915283203125,-4.0698137283325195
-4.1931915283203125,-4.100658416748047
-4.1931915283203125,-4.123791694641113
-4.1889519691467285,-4.141141414642334
-4.37698221206665,-4.153094291687012
-4.37698221206665,-4.209065914154053
-4.37698221206665,-4.251045227050781
-4.37698221206665,-4.282529354095459
-4.37698221206665,-4.306142330169678
-4.37698221206665,-4.3238525390625
-4.463987827301025,-4.337134838104248
-4.459506988525391,-4.3688483238220215
-4.459506988525391,-4.391512870788574
-4.459506988525391,-4.408511638641357
-4.455025672912598,-4.421260356903076
-4.815515041351318,-4.429701805114746
-4.820308685302734,-4.5261549949646
-4.815515041351318,-4.599693298339844
-4.810719966888428,-4.653648853302002
-4.805923938751221,-4.692916393280029
-5.2202839851379395,-4.721168518066406
-5.20997428894043,-4.845947265625
-5.204817771911621,-4.936954021453857
-5.204817771911621,-5.003920078277588
-5.19965934753418,-5.054144382476807
-5.19965934753418,-5.0905232429504395
-5.446568489074707,-5.117807388305664
-5.441202640533447,-5.199997425079346
-5.441202640533447,-5.260298728942871
-5.451932907104492,-5.305524826049805
-5.441202640533447,-5.342126846313477
-5.690828323364258,-5.36689567565918
-5.685257911682129,-5.447878837585449
-5.690828323364258,-5.507223606109619
-5.679686069488525,-5.553124904632568
-5.679686069488525,-5.5847649574279785
-5.9930572509765625,-5.608495235443115
-5.987244129180908,-5.7046356201171875
-5.981428623199463,-5.775287628173828
-5.987244129180908,-5.826822757720947
-5.987244129180908,-5.8669281005859375
-6.31361722946167,-5.897006988525391
-6.301506042480469,-6.00115966796875
-6.301506042480469,-6.07624626159668
-6.28938627243042,-6.132561206817627
-6.283323287963867,-6.171767711639404
-6.610625743865967,-6.1996564865112305
-6.604323387145996,-6.302398681640625
-6.604323387145996,-6.377880096435547
-6.604323387145996,-6.43449068069458
-6.598017692565918,-6.4769487380981445
-6.591710090637207,-6.507215976715088
-6.822286128997803,-6.528339385986328
-6.81581974029541,-6.601826190948486
-6.8028788566589355,-6.655324459075928
-6.796403884887695,-6.69221305847168
-6.796403884887695,-6.718260765075684
-7.195815563201904,-6.737796306610107
-7.20253324508667,-6.852301120758057
-7.195815563201904,-6.939859390258789
-7.195815563201904,-7.003848552703857
-7.195815563201904,-7.051840305328369
-7.369630813598633,-7.087833881378174
-7.376453876495361,-7.158283233642578
-7.376453876495361,-7.212825775146484
-7.369630813598633,-7.253732681274414
-7.362804889678955,-7.282707214355469
-7.464915752410889,-7.302731513977051
-7.451131343841553,-7.343277454376221
-7.437332630157471,-7.370241165161133
-7.437332630157471,-7.387013912200928
-7.4442338943481445,-7.399593830108643
-7.451131343841553,-7.4107537269592285
-7.60559606552124,-7.4208478927612305
-7.612579822540283,-7.467035293579102
-7.626534461975098,-7.503421306610107
-7.626534461975098,-7.5341997146606445
-7.619559288024902,-7.557283401489258
-7.7700581550598145,-7.57285213470459
-7.762994289398193,-7.6221537590026855
-7.755927085876465,-7.6573638916015625
-7.755927085876465,-7.682004928588867
-7.762994289398193,-7.7004852294921875
-7.708244800567627,-7.7161126136779785
-7.687028884887695,-7.714145660400391
-7.665777206420898,-7.707366466522217
-7.651590824127197,-7.696969032287598
-7.644491195678711,-7.685624599456787
-7.71612548828125,-7.6753411293029785
-7.730384826660156,-7.685537338256836
-7.730384826660156,-7.696749210357666
-7.70898962020874,-7.705158233642578
-7.694705486297607,-7.70611572265625
-7.687557697296143,-7.703263282775879
-7.7137603759765625,-7.699337005615234
-7.706593990325928,-7.702942848205566
-7.699423789978027,-7.703855514526367
-7.692249298095703,-7.702747821807861
-7.706593990325928,-7.700123310089111
-7.77522087097168,-7.701740741729736
-7.768012523651123,-7.720110893249512
-7.77522087097168,-7.732086181640625
-7.782426357269287,-7.742869853973389
-7.782426357269287,-7.752758979797363
-7.877930164337158,-7.760175704956055
-7.8851752281188965,-7.789614200592041
-7.899653911590576,-7.813504695892334
-7.914114475250244,-7.8350419998168945
-7.92133903503418,-7.8548102378845215
-7.90435791015625,-7.8714423179626465
-7.918760299682617,-7.879671096801758
-7.933145523071289,-7.889443397521973
-7.940331935882568,-7.900368690490723
-7.954692840576172,-7.910359859466553
-7.976202487945557,-7.921442985534668
-8.069795608520508,-7.93513298034668
-8.076990127563477,-7.95134973526001
-8.084179878234863,-7.963512420654297
-8.091364860534668,-7.972634315490723
-8.098546981811523,-7.979475498199463
-8.157495498657227,-7.984606742858887
-8.179054260253906,-7.988454818725586
-8.200573921203613,-7.9913411140441895
-8.222055435180664,-7.993505954742432
-8.243497848510742,-7.995129585266113
-8.281332969665527,-7.996346950531006
-8.288481712341309,-7.997260093688965
-8.302766799926758,-7.997945308685303
-8.302766799926758,-7.9984588623046875
-8.317034721374512,-7.998844146728516
-8.535489082336426,-7.999133110046387
-8.549919128417969,-7.999350070953369
-8.564332008361816,-7.999512195587158
-8.57872486114502,-7.999634265899658
-8.585914611816406,-7.999725818634033
-8.585914611816406,-7.9997944831848145
-8.678116798400879,-7.999845504760742
-8.678116798400879,-7.999884128570557
-8.678116798400879,-7.999913215637207
-8.670896530151367,-7.999935150146484
-8.670896530151367,-7.999951362609863
-8.615765571594238,-7.999963283538818
-8.615765571594238,-7.999972343444824
-8.615765571594238,-7.999979496002197
-8.615765571594238,-7.9999847412109375
-8.622970581054688,-7.999988555908203
-8.562996864318848,-7.999991416931152
-8.570172309875488,-7.999993324279785
-8.570172309875488,-7.999995231628418
-8.562996864318848,-7.999996185302734
-8.570172309875488,-7.999997138977051
-8.634302139282227,-7.999998092651367
-8.634302139282227,-7.999998569488525
-8.64867877960205,-7.999999046325684
-8.64867877960205,-7.999999046325684
-8.655858993530273,-7.999999523162842
-8.655858993530273,-7.999999523162842
-8.782989501953125,-7.999999523162842
-8.775749206542969,-7.999999523162842
-8.76850414276123,-8.0
-8.775749206542969,-8.0
-8.775749206542969,-8.0
-8.722200393676758,-8.0
-8.736632347106934,-8.0
-8.743842124938965,-8.0
-8.729418754577637,-8.0
-8.714977264404297,-8.0
-8.79126262664795,-8.0
-8.784004211425781,-8.0
-8.776740074157715,-8.0
-8.769472122192383,-8.0
-8.776740074157715,-8.0
-8.795136451721191,-8.0
-8.787860870361328,-8.0
-8.773295402526855,-8.0
-8.773295402526855,-8.0
-8.766005516052246,-8.0
-8.751410484313965,-8.0
-8.78587532043457,-8.0
-8.778533935546875,-8.0
-8.771186828613281,-8.0
-8.756478309631348,-8.0
-8.749115943908691,-8.0
-8.79182243347168,-8.0
-8.784445762634277,-8.0
-8.784445762634277,-8.0
-8.77706527709961,-8.0
-8.77706527709961,-8.0
-8.776637077331543,-8.0
-8.776637077331543,-8.0
-8.769259452819824,-8.0
-8.754488945007324,-8.0
-8.732295989990234,-8.0
-8.71284008026123,-8.0
-8.698003768920898,-8.0
-8.668272972106934,-8.0
-8.64592170715332,-8.0
-8.61605167388916,-8.0
-8.617321968078613,-8.0
-8.594791412353516,-8.0
-8.564679145812988,-8.0
-8.549592971801758,-8.0
-8.542043685913086,-8.0
-8.51936149597168,-8.0
-8.516014099121094,-8.0
-8.500802040100098,-8.0
-8.493188858032227,-8.0
-8.470318794250488,-8.0
-8.462685585021973,-8.0
-8.44764518737793,-8.0
-8.432341575622559,-8.0
-8.432341575622559,-8.0
-8.432341575622559,-8.0
-8.424683570861816,-8.0
-8.350308418273926,-8.0
-8.350308418273926,-8.0
-8.357948303222656,-8.0
-8.365584373474121,-8.0
-8.373214721679688,-8.0
-8.380840301513672,-8.0
-8.235908508300781,-8.0
-8.250985145568848,-8.0
-8.273563385009766,-8.0
-8.296099662780762,-8.0
-8.311100006103516,-8.0
-8.356457710266113,-8.0
-8.378911972045898,-8.0
-8.401322364807129,-8.0
-8.423690795898438,-8.0
-8.431137084960938,-8.0
-8.393301010131836,-8.0
-8.415485382080078,-8.0
-8.452363967895508,-8.0
-8.481781959533691,-8.0
-8.525768280029297,-8.0
-8.464110374450684,-8.0
-8.493075370788574,-8.0
-8.521966934204102,-8.0
-8.543587684631348,-8.0
-8.557978630065918,-8.0
-8.572351455688477,-8.0
-8.53104019165039,-8.0
-8.545330047607422,-8.0
-8.545330047607422,-8.0
-8.545330047607422,-8.0
-8.545330047607422,-8.0
-8.506413459777832,-8.0
-8.492142677307129,-8.0
-8.485000610351562,-8.0
-8.477853775024414,-8.0
-8.470703125,-8.0
-8.412928581237793,-8.0
-8.398649215698242,-8.0
-8.39150333404541,-8.0
-8.39150333404541,-8.0
-8.398649215698242,-8.0
-8.309181213378906,-8.0
-8.294936180114746,-8.0
-8.3020601272583,-8.0
-8.31629753112793,-8.0
-8.31629753112793,-8.0
-8.215087890625,-8.0
-8.208011627197266,-8.0
-8.208011627197266,-8.0
-8.215087890625,-8.0
-8.222160339355469,-8.0
-8.229228973388672,-8.0
-8.25341510772705,-8.0
-8.25341510772705,-8.0
-8.25341510772705,-8.0
-8.25341510772705,-8.0
-8.26047420501709,-8.0
-8.222904205322266,-8.0
-8.22994327545166,-8.0
-8.222904205322266,-8.0
-8.215862274169922,-8.0
-8.215862274169922,-8.0
-8.208462715148926,-8.0
-8.208462715148926,-8.0
-8.194372177124023,-8.0
-8.180264472961426,-8.0
-8.166141510009766,-8.0
-8.026017189025879,-8.0
-8.005006790161133,-8.0
-8.005006790161133,-8.0
-7.99098014831543,-8.0
-7.976938247680664,-7.997745037078857
-7.976938247680664,-7.9925432205200195
-7.849761962890625,-7.98864221572876
-7.856727123260498,-7.953922271728516
-7.856727123260498,-7.929623126983643
-7.842792987823486,-7.9113993644714355
-7.842792987823486,-7.894247531890869
-7.726785182952881,-7.881383895874023
-7.726785182952881,-7.842734336853027
-7.726785182952881,-7.813746929168701
-7.699121475219727,-7.792006492614746
-7.685266971588135,-7.76878547668457
-7.526437282562256,-7.747905731201172
-7.498922348022461,-7.692538738250732
-7.478249549865723,-7.644134521484375
-7.457544326782227,-7.602663516998291
-7.436807155609131,-7.566383361816406
-7.252095699310303,-7.533989429473877
-7.231594562530518,-7.4635162353515625
-7.2179107666015625,-7.405535697937012
-7.211063861846924,-7.3586297035217285
-7.1836419105529785,-7.321738243103027
-6.997929573059082,-7.287214279174805
-6.984393119812012,-7.214892864227295
-6.970844745635986,-7.157268047332764
-6.9640655517578125,-7.11066198348999
-6.943708419799805,-7.074012756347656
-6.936916351318359,-7.041436672210693
-6.732686996459961,-7.0153069496154785
-6.719359397888184,-6.9446516036987305
-6.712690830230713,-6.888328552246094
-6.69266939163208,-6.844419002532959
-6.6859893798828125,-6.806481838226318
-6.561649799346924,-6.776358604431152
-6.568248271942139,-6.722681522369385
-6.568248271942139,-6.684072971343994
-6.568248271942139,-6.655117034912109
-6.561649799346924,-6.633399486541748
-6.473837375640869,-6.615462303161621
-6.493385314941406,-6.580056190490723
-6.512909889221191,-6.5583882331848145
-6.525912284851074,-6.547018527984619
-6.545396327972412,-6.541742324829102
-6.564855575561523,-6.5426554679870605
-6.496432304382324,-6.548205852508545
-6.521972179412842,-6.535262107849121
-6.5410990715026855,-6.531939506530762
-6.566566467285156,-6.534229755401611
-6.579283714294434,-6.542313575744629
-6.451158046722412,-6.55155611038208
-6.476119518280029,-6.526456832885742
-6.494815349578857,-6.5138726234436035
-6.507266521453857,-6.509108066558838
-6.532139778137207,-6.508647918701172
-6.363232135772705,-6.514520645141602
-6.381467342376709,-6.476698398590088
-6.39968204498291,-6.452890872955322
-6.411813735961914,-6.43958854675293
-6.429994106292725,-6.432644844055176
-6.442340850830078,-6.431982040405273
-6.454428195953369,-6.434571743011475
-6.460468292236328,-6.439536094665527
-6.466506004333496,-6.444768905639648
-6.478574275970459,-6.4502034187316895
-6.427638530731201,-6.457295894622803
-6.433621883392334,-6.449881553649902
-6.433621883392334,-6.445816516876221
-6.439602851867676,-6.442768096923828
-6.445581912994385,-6.441976547241211
-6.439602851867676,-6.442878246307373
-6.332334995269775,-6.44205904006958
-6.338240146636963,-6.414628028869629
-6.344143390655518,-6.395531177520752
-6.338240146636963,-6.382684230804443
-6.332334995269775,-6.371573448181152
-6.251317024230957,-6.361763954162598
-6.257165908813477,-6.3341522216796875
-6.251317024230957,-6.314905643463135
-6.257165908813477,-6.299008369445801
-6.245466232299805,-6.288547992706299
-6.154409408569336,-6.277777671813965
-6.154409408569336,-6.2469353675842285
-6.154409408569336,-6.223803997039795
-6.148626804351807,-6.206455230712891
-6.154409408569336,-6.19199800491333
-6.062010288238525,-6.182600975036621
-6.06773042678833,-6.152453422546387
-6.062010288238525,-6.131272792816162
-6.050564289093018,-6.113956928253174
-6.050564289093018,-6.098108768463135
-6.033381462097168,-6.0862226486206055
-5.932002067565918,-6.073012351989746
-5.926339149475098,-6.037759780883789
-5.9150071144104,-6.009904384613037
-5.926339149475098,-5.986180305480957
-5.920673847198486,-5.971220016479492
-5.919516086578369,-5.958583354949951
-5.902513027191162,-5.948816776275635
-5.9138503074646,-5.9372406005859375
-5.919516086578369,-5.931393146514893
-5.908182621002197,-5.928423881530762
-5.82130765914917,-5.92336368560791
-5.82130765914917,-5.8978495597839355
-5.815697193145752,-5.878714084625244
-5.815697193145752,-5.862959861755371
-5.815697193145752,-5.851144313812256
-5.810084819793701,-5.842282295227051
-5.723479747772217,-5.834232807159424
-5.717926025390625,-5.806544780731201
-5.717926025390625,-5.784389972686768
-5.7123703956604,-5.7677741050720215
-5.706813812255859,-5.753922939300537
-5.555794715881348,-5.742145538330078
-5.5448994636535645,-5.695558071136475
-5.539449691772461,-5.657893180847168
-5.5448994636535645,-5.62828254699707
-5.539449691772461,-5.607436656951904
-5.450235843658447,-5.590439796447754
-5.450235843658447,-5.555388927459717
-5.444855690002441,-5.52910041809082
-5.439474105834961,-5.508039474487305
-5.434090614318848,-5.490898132324219
-5.400792598724365,-5.476696014404297
-5.390028953552246,-5.4577202796936035
-5.390028953552246,-5.440797328948975
-5.37925910949707,-5.428105354309082
-5.363092422485352,-5.4158935546875
-5.299263000488281,-5.402693271636963
-5.288547992706299,-5.376835823059082
-5.267101764678955,-5.354763984680176
-5.256369113922119,-5.33284854888916
-5.240260601043701,-5.3137288093566895
-5.229514122009277,-5.295361518859863
-5.02830171585083,-5.278899669647217
-5.017873287200928,-5.216250419616699
-5.007438659667969,-5.166656017303467
-4.991777420043945,-5.126851558685303
-4.9708781242370605,-5.093083381652832
-4.801388263702393,-5.0625319480896
-4.79121208190918,-4.997245788574219
-4.786121845245361,-4.945737361907959
-4.786121845245361,-4.905833721160889
-4.786121845245361,-4.875905513763428
-4.539906024932861,-4.85345983505249
-4.544774532318115,-4.775071144104004
-4.544774532318115,-4.717496871948242
-4.544774532318115,-4.67431640625
-4.544774532318115,-4.641931056976318
-4.3500261306762695,-4.617641925811768
-4.354715824127197,-4.5507378578186035
-4.359404563903809,-4.501732349395752
-4.3640923500061035,-4.466150760650635
-4.368779182434082,-4.440636157989502
-4.378150463104248,-4.422671794891357
-4.231828212738037,-4.41154146194458
-4.240907669067383,-4.366612911224365
-4.249984264373779,-4.335186958312988
-4.254521369934082,-4.3138861656188965
-4.259057998657227,-4.299045085906982
-4.087069034576416,-4.289048194885254
-4.0914306640625,-4.238553524017334
-4.095791816711426,-4.201772689819336
-4.100152492523193,-4.1752777099609375
-4.1045122146606445,-4.156496047973633
-3.991050958633423,-4.143500328063965
-4.003758430480957,-4.105388164520264
-4.012226581573486,-4.079980373382568
-4.033385276794434,-4.063042163848877
-4.0545268058776855,-4.055627822875977
-3.9935684204101562,-4.055352687835693
-3.9977283477783203,-4.0399065017700195
-3.9977283477783203,-4.029362201690674
-4.006046295166016,-4.021453380584717
-4.01436185836792,-4.01760196685791
-4.026830196380615,-4.016791820526123
-3.8256213665008545,-4.019301414489746
-3.8295836448669434,-3.970881223678589
-3.8414673805236816,-3.9355568885803223
-3.849386692047119,-3.912034511566162
-3.8533456325531006,-3.8963725566864014
-3.708320140838623,-3.885615825653076
-3.71213436126709,-3.841291904449463
-3.7159481048583984,-3.80900239944458
-3.7159481048583984,-3.785738945007324
-3.7197611331939697,-3.7682912349700928
-3.6358752250671387,-3.7561585903167725
-3.6358752250671387,-3.726087808609009
-3.6358752250671387,-3.7035346031188965
-3.632140874862671,-3.686619758605957
-3.628406047821045,-3.6730000972747803
-3.507593870162964,-3.661851644515991
-3.5148255825042725,-3.6232872009277344
-3.5039772987365723,-3.5961718559265137
-3.4967427253723145,-3.5731232166290283
-3.4931247234344482,-3.554028034210205
-3.4931247234344482,-3.538802146911621
-3.3597419261932373,-3.5273828506469727
-3.3597419261932373,-3.4854726791381836
-3.3597419261932373,-3.4540398120880127
-3.3597419261932373,-3.4304654598236084
-3.3597419261932373,-3.4127845764160156
-3.1790361404418945,-3.399523973464966
-3.1790361404418945,-3.3444018363952637
-3.1823501586914062,-3.303060531616211
-3.1823501586914062,-3.2728829383850098
-3.1757216453552246,-3.2502496242523193
-2.975708246231079,-3.2316176891326904
-2.9663443565368652,-3.167640209197998
-2.9632225036621094,-3.117316246032715
-2.9663443565368652,-3.0787928104400635
-2.9632225036621094,-3.0506808757781982
-2.7339043617248535,-3.0288162231445312
-2.7310028076171875,-2.9550883769989014
-2.7281012535095215,-2.899066925048828
-2.722297191619873,-2.856325387954712
-2.7193949222564697,-2.8228182792663574
-2.7193949222564697,-2.7969624996185303
-2.6327948570251465,-2.7775707244873047
-2.6299777030944824,-2.7413766384124756
-2.624342679977417,-2.713526964187622
-2.6187069416046143,-2.6912307739257812
-2.615889072418213,-2.673099994659424
-2.5256075859069824,-2.658797264099121
-2.53105092048645,-2.625499725341797
-2.53105092048645,-2.6018874645233154
-2.5201637744903564,-2.5841784477233887
-2.511996269226074,-2.5681746006011963
-2.3230535984039307,-2.5541300773620605
-2.3205230236053467,-2.496361017227173
-2.3205230236053467,-2.4524013996124268
-2.3179922103881836,-2.4194319248199463
-2.3154613971710205,-2.3940720558166504
-2.1122145652770996,-2.3744194507598877
-2.109894037246704,-2.308868169784546
-2.105253219604492,-2.259124517440796
-2.100611686706543,-2.2206568717956543
-2.0959696769714355,-2.190645456314087
-2.093648672103882,-2.1669764518737793
-1.8655825853347778,-2.1486446857452393
-1.8635015487670898,-2.0778791904449463
-1.8635015487670898,-2.024284601211548
-1.8614202737808228,-1.9840888977050781
-1.8593391180038452,-1.953421711921692
-1.726046085357666,-1.929901123046875
-1.7241113185882568,-1.8789373636245728
-1.7241113185882568,-1.8402308225631714
-1.7241113185882568,-1.8112008571624756
-1.7221763134002686,-1.789428472518921
-1.5228378772735596,-1.7726154327392578
-1.5211156606674194,-1.7101709842681885
-1.5211156606674194,-1.6629072427749634
-1.5211156606674194,-1.6274592876434326
-1.5193934440612793,-1.6008734703063965
-1.3468658924102783,-1.5805034637451172
-1.3468658924102783,-1.5220940113067627
-1.3483966588974,-1.4782869815826416
-1.3483966588974,-1.4458143711090088
-1.3514580726623535,-1.4214599132537842
-1.1907718181610107,-1.4039595127105713
-1.1934665441513062,-1.3506625890731812
-1.1948137283325195,-1.3113635778427124
-1.196160912513733,-1.2822260856628418
-1.196160912513733,-1.2607097625732422
-1.196160912513733,-1.244572639465332
-1.0203853845596313,-1.2324696779251099
-1.023829460144043,-1.1794486045837402
-1.026125431060791,-1.140543818473816
-1.0284212827682495,-1.1119391918182373
-1.031865119934082,-1.0910598039627075
-0.9014498591423035,-1.0762611627578735
-0.9044572710990906,-1.0325583219528198
-0.9054597616195679,-1.0005329847335815
-0.9074646234512329,-0.9767647385597229
-0.9094694256782532,-0.9594396948814392
-0.844136655330658,-0.9469471573829651
-0.8459960222244263,-0.9212445020675659
-0.8459960222244263,-0.902432382106781
-0.8478553295135498,-0.8883233070373535
-0.8506443500518799,-0.8782063126564026
-0.7374765872955322,-0.8713158369064331
-0.7398931384086609,-0.8378559947013855
-0.7415041923522949,-0.8133652806282043
-0.743115246295929,-0.7954000234603882
-0.7447261810302734,-0.7823288440704346
-0.747948169708252,-0.7729281783103943
-0.6621240973472595,-0.7666831612586975
-0.6635491251945496,-0.7405433654785156
-0.6656867861747742,-0.7212948203086853
-0.6671118140220642,-0.7073928117752075
-0.6685368418693542,-0.6973225474357605
-0.5756711959838867,-0.6901261210441589
-0.5762836933135986,-0.6615124344825745
-0.5762836933135986,-0.6402052044868469
-0.5768961310386658,-0.624224841594696
-0.5775085091590881,-0.6123926639556885
-0.4736423194408417,-0.6036716103553772
-0.47414425015449524,-0.5711643099784851
-0.4746462106704712,-0.5469092726707458
-0.47514814138412476,-0.5288435220718384
-0.4756500720977783,-0.5154196619987488
-0.39310121536254883,-0.505477249622345
-0.39310121536254883,-0.47738325595855713
-0.39351657032966614,-0.45631274580955505
-0.394347220659256,-0.44061368703842163
-0.3951779305934906,-0.4290470778942108
-0.3951779305934906,-0.42057979106903076
-0.3048756718635559,-0.4142293334007263
-0.3045561909675598,-0.3868909180164337
-0.3042367100715637,-0.36630722880363464
-0.3045561909675598,-0.3507896065711975
-0.3045561909675598,-0.3392312526702881
-0.16178196668624878,-0.3305625021457672
-0.16178196668624878,-0.288367360830307
-0.16178196668624878,-0.25672101974487305
-0.16178196668624878,-0.2329862415790558
-0.16178196668624878,-0.21518518030643463
0.02143363654613495,-0.20183438062667847
0.021411053836345673,-0.14601737260818481
0.021411053836345673,-0.10416026413440704
0.021411053836345673,-0.07276743650436401
0.021411053836345673,-0.04922281205654144
0.1739450991153717,-0.03156434744596481
0.1739450991153717,0.019813016057014465
0.1739450991153717,0.058346036821603775
0.17376163601875305,0.08724580705165863
0.1735781580209732,0.10887476056814194
0.17376163601875305,0.1250506192445755
0.33214718103408813,0.1372283697128296
0.33214718103408813,0.18595807254314423
0.3335496485233307,0.2225053608417511
0.3335496485233307,0.250266432762146
0.3335496485233307,0.2710872292518616
0.47762802243232727,0.28670284152030945
0.4796377122402191,0.3344341218471527
0.4801400899887085,0.3707350194454193
0.47913527488708496,0.398086279630661
0.4786328673362732,0.4183485507965088
0.5641230344772339,0.4334196150302887
0.5647156238555908,0.4660954773426056
0.5653082728385925,0.4907504916191101
0.5653082728385925,0.5093899369239807
0.5647156238555908,0.5233694911003113
0.6363716721534729,0.5337060689926147
0.6370400190353394,0.5593724250793457
0.6363716721534729,0.5787893533706665
0.6357033252716064,0.5931849479675293
0.6357033252716064,0.6038145422935486
0.7762942910194397,0.6117867231369019
0.7746630311012268,0.6529136300086975
0.7738473415374756,0.6833509802818298
0.7730316519737244,0.7059750556945801
0.7722159624099731,0.7227392196655273
0.7722159624099731,0.7351083755493164
0.8458437919616699,0.744385302066803
0.8440538048744202,0.7697499394416809
0.8431587219238281,0.7883259057998657
0.8422636985778809,0.8020340800285339
0.8431587219238281,0.8120914697647095
0.9175913333892822,0.8198583126068115
0.9166155457496643,0.8442915678024292
0.9156398177146912,0.8623725771903992
0.9146641492843628,0.8756893873214722
0.9146641492843628,0.8854330778121948
1.0020853281021118,0.8927408456802368
1.0020853281021118,0.9200769662857056
1.0020853281021118,0.9405790567398071
1.0031548738479614,0.9559555649757385
1.0031548738479614,0.9677554368972778
1.0020853281021118,0.9766052961349487
1.1473244428634644,0.9829753041267395
1.148546576499939,1.0240626335144043
1.148546576499939,1.0551835298538208
1.148546576499939,1.0785243511199951
1.1473244428634644,1.0960298776626587
1.1878728866577148,1.1088535785675049
1.1878728866577148,1.1286083459854126
1.1878728866577148,1.1434245109558105
1.186606526374817,1.1545366048812866
1.186606526374817,1.1625540256500244
1.2139575481414795,1.168567180633545
1.2126622200012207,1.1799148321151733
1.2100715637207031,1.1881016492843628
1.2087761163711548,1.1935940980911255
1.2087761163711548,1.1973896026611328
1.2527846097946167,1.2002363204956055
1.2514410018920898,1.2133733034133911
1.2527846097946167,1.2228902578353882
1.2527846097946167,1.2303638458251953
1.2527846097946167,1.235969066619873
1.258424997329712,1.2401728630065918
1.2570754289627075,1.2447359561920166
1.2570754289627075,1.2478208541870117
1.2557258605957031,1.2501344680786133
1.2557258605957031,1.2515323162078857
1.2543762922286987,1.2525807619094849
1.3786572217941284,1.2530295848846436
1.3771753311157227,1.2844364643096924
1.3771753311157227,1.3076212406158447
1.3786572217941284,1.3250097036361694
1.3786572217941284,1.3384215831756592
1.4352750778198242,1.348480463027954
1.4368170499801636,1.3701791763305664
1.4383589029312134,1.386838674545288
1.4399008750915527,1.3997187614440918
1.4383589029312134,1.409764289855957
1.4831898212432861,1.4169129133224487
1.4831898212432861,1.4334821701049805
1.4831898212432861,1.445909023284912
1.4831898212432861,1.4552292823791504
1.4831898212432861,1.4622193574905396
1.5944441556930542,1.4674619436264038
1.5961508750915527,1.4992074966430664
1.5978573560714722,1.523443341255188
1.5978573560714722,1.5420469045639038
1.5961508750915527,1.555999517440796
1.5961508750915527,1.5660372972488403
1.709328055381775,1.5735657215118408
1.71114981174469,1.607506275177002
1.709328055381775,1.6334171295166016
1.709328055381775,1.6523948907852173
1.709328055381775,1.6666282415390015
1.7267359495162964,1.6773031949996948
1.7285759449005127,1.6896613836288452
1.73041570186615,1.6993900537490845
1.73041570186615,1.707146406173706
1.7267359495162964,1.7129638195037842
1.7727900743484497,1.7164068222045898
1.774680256843567,1.7305026054382324
1.774680256843567,1.7415469884872437
1.7727900743484497,1.7498303651809692
1.7690099477767944,1.7555702924728394
1.8320928812026978,1.7589302062988281
1.8320928812026978,1.7772208452224731
1.8320928812026978,1.7909388542175293
1.8301345109939575,1.801227331161499
1.8301345109939575,1.808454155921936
1.8281760215759277,1.8138742446899414
1.8411860466003418,1.817449688911438
1.8392119407653809,1.8233838081359863
1.8372374773025513,1.827340841293335
1.8352630138397217,1.8298150300979614
1.833288550376892,1.831176996231079
1.8269667625427246,1.83170485496521
1.8309067487716675,1.8305203914642334
1.8309067487716675,1.8306169509887695
1.8309067487716675,1.8306894302368164
1.8309067487716675,1.830743670463562
1.8202816247940063,1.8307844400405884
1.8202816247940063,1.8281587362289429
1.8222380876541138,1.8261895179748535
1.8202816247940063,1.8252016305923462
1.8202816247940063,1.8239716291427612
1.9427217245101929,1.8230490684509277
1.9448069334030151,1.8529672622680664
1.9448069334030151,1.875927209854126
1.9427217245101929,1.8931471109390259
1.9427217245101929,1.9055407047271729
1.9468917846679688,1.9148359298706055
1.9773532152175903,1.9228498935699463
1.9773532152175903,1.9364757537841797
1.9731239080429077,1.94669508934021
1.9710091352462769,1.9533023834228516
1.9731239080429077,1.9577289819717407
2.0461063385009766,1.9615777730941772
2.0461063385009766,1.9827098846435547
2.048299551010132,1.9985589981079102
2.048299551010132,2.0109941959381104
2.048299551010132,2.020320415496826
2.1045289039611816,2.027315378189087
2.1045289039611816,2.046618700027466
2.106780767440796,2.06109619140625
2.106780767440796,2.0725173950195312
2.1045289039611816,2.081083297729492
2.265869617462158,2.086944580078125
2.2707130908966064,2.131675958633423
2.27313494682312,2.1664352416992188
2.2707130908966064,2.193110227584839
2.2634475231170654,2.212510824203491
2.2634475231170654,2.2252449989318848
2.385528087615967,2.2347958087921143
2.385528087615967,2.2724788188934326
2.38297700881958,2.300741195678711
2.38297700881958,2.3213000297546387
2.38297700881958,2.336719274520874
2.5096757411956787,2.3482837677001953
2.5096757411956787,2.388631820678711
2.5096757411956787,2.4188928604125977
2.5096757411956787,2.4415884017944336
2.5096757411956787,2.4586102962493896
2.6458611488342285,2.471376657485962
2.648679256439209,2.514997720718384
2.6458611488342285,2.5484182834625244
2.6458611488342285,2.5727789402008057
2.643043041229248,2.5910494327545166
2.635314702987671,2.6040477752685547
2.63812518119812,2.6118645668029785
2.63812518119812,2.618429660797119
2.635314702987671,2.6233534812927246
2.6325042247772217,2.6263439655303955
2.626882791519165,2.6278839111328125
2.8126754760742188,2.627633571624756
2.8126754760742188,2.673894166946411
2.809671401977539,2.7085893154144287
2.8066673278808594,2.7338600158691406
2.8036630153656006,2.7520618438720703
2.9440200328826904,2.7649619579315186
2.947167158126831,2.8097264766693115
2.947167158126831,2.8440866470336914
2.947167158126831,2.869856834411621
2.947167158126831,2.8891844749450684
2.978602409362793,2.9036800861358643
2.978602409362793,2.922410726547241
2.978602409362793,2.9364585876464844
2.978602409362793,2.9469945430755615
2.975423574447632,2.9548964500427246
3.1008124351501465,2.9600281715393066
3.1008124351501465,2.9952242374420166
3.1008124351501465,3.0216214656829834
3.1008124351501465,3.041419267654419
3.1041173934936523,3.056267499923706
3.3294827938079834,3.068229913711548
3.3294827938079834,3.1335432529449463
3.325953722000122,3.182528018951416
3.3224244117736816,3.2183845043182373
3.3224244117736816,3.244394540786743
3.318894863128662,3.263901948928833
3.474958896636963,3.2776501178741455
3.467573881149292,3.326977252960205
3.463880777359009,3.362126588821411
3.467573881149292,3.3875651359558105
3.471266746520996,3.407567262649536
3.594393014907837,3.423492193222046
3.598205804824829,3.466217279434204
3.602018356323242,3.4992144107818604
3.605830430984497,3.5249154567718506
3.602018356323242,3.5451440811157227
3.7116260528564453,3.5593626499176025
3.7116260528564453,3.597428560256958
3.707707405090332,3.6259779930114746
3.7037880420684814,3.6464102268218994
3.707707405090332,3.660754680633545
3.707707405090332,3.6724929809570312
3.68060302734375,3.6812965869903564
3.684495449066162,3.6811230182647705
3.688387632369995,3.6819663047790527
3.684495449066162,3.6835715770721436
3.672816276550293,3.683802604675293
3.6800832748413086,3.681056022644043
3.6800832748413086,3.6808128356933594
3.6800832748413086,3.6806304454803467
3.6761865615844727,3.6804938316345215
3.6722891330718994,3.6794168949127197
3.697733163833618,3.6776349544525146
3.7016592025756836,3.68265962600708
3.697733163833618,3.6874094009399414
3.6938061714172363,3.689990282058716
3.6898787021636963,3.690944194793701
3.6620657444000244,3.6906778812408447
3.6620657444000244,3.6835248470306396
3.658160448074341,3.6781599521636963
3.658160448074341,3.6731600761413574
3.6620657444000244,3.669410228729248
3.6620657444000244,3.667574167251587
3.653289556503296,3.6661970615386963
3.653289556503296,3.6629703044891357
3.649393081665039,3.660550117492676
3.649393081665039,3.6577608585357666
3.645495891571045,3.6556689739227295
3.68149471282959,3.653125524520874
3.68149471282959,3.6602180004119873
3.6775577068328857,3.665537118911743
3.6736199855804443,3.6685423851013184
3.6696815490722656,3.669811725616455
3.6837942600250244,3.669779062271118
3.679837226867676,3.6732828617095947
3.6837942600250244,3.6749215126037598
3.687751054763794,3.6771397590637207
3.691707134246826,3.679792642593384
3.684936046600342,3.6827712059020996
3.6809866428375244,3.68331241607666
3.6770365238189697,3.6827309131622314
3.6809866428375244,3.681307315826416
3.684936046600342,3.681227207183838
3.7208969593048096,3.682154417037964
3.7248764038085938,3.691840171813965
3.7368125915527344,3.700099229812622
3.7487435340881348,3.709277629852295
3.7487435340881348,3.719144105911255
3.7368125915527344,3.72654390335083
3.782618761062622,3.7291109561920166
3.7866406440734863,3.742487907409668
3.7866406440734863,3.753526210784912
3.7866406440734863,3.7618048191070557
3.7866406440734863,3.7680137157440186
3.8942575454711914,3.7726705074310303
3.8942575454711914,3.803067207336426
3.8983731269836426,3.825864791870117
3.9066033363342285,3.843991994857788
3.9148311614990234,3.859644889831543
3.92305588722229,3.873441457748413
4.023338794708252,3.8858449459075928
4.031741619110107,3.9202184677124023
4.040141582489014,3.948099136352539
4.048538684844971,3.9711098670959473
4.048538684844971,3.990467071533203
4.134289264678955,4.0049848556518555
4.134289264678955,4.03731107711792
4.134289264678955,4.061555862426758
4.134289264678955,4.079739093780518
4.134289264678955,4.093376636505127
4.198101043701172,4.103604793548584
4.198101043701172,4.127228736877441
4.1937689781188965,4.144947052001953
4.189436435699463,4.15715217590332
4.189436435699463,4.165223598480225
4.238737106323242,4.171276569366455
4.238737106323242,4.188141822814941
4.234358310699463,4.2007904052734375
4.238737106323242,4.209182262420654
4.238737106323242,4.21657133102417
4.507070541381836,4.222112655639648
4.520931243896484,4.293352127075195
4.53478479385376,4.350246906280518
4.544014930725098,4.396381378173828
4.553242206573486,4.433289527893066
4.708868026733398,4.463277816772461
4.7136054039001465,4.524675369262695
4.7183427810668945,4.571907997131348
4.723079204559326,4.608516693115234
4.727814197540283,4.637157440185547
4.7183427810668945,4.659821510314941
4.843415260314941,4.67445182800293
4.838560104370117,4.7166924476623535
4.833703994750977,4.747159481048584
4.833703994750977,4.768795490264893
4.838560104370117,4.785022735595703
4.992439270019531,4.798407077789307
4.982421398162842,4.846915245056152
4.977410316467285,4.880791664123535
4.982421398162842,4.904946327209473
4.987431049346924,4.924314975738525
5.254569053649902,4.940093994140625
5.259788990020752,5.018712997436523
5.265007972717285,5.078981876373291
5.2702250480651855,5.12548828125
5.2702250480651855,5.161672592163086
5.33707857131958,5.1888108253479
5.331806659698486,5.22587776184082
5.33707857131958,5.252359867095947
5.342349052429199,5.2735395431518555
5.342349052429199,5.290741920471191
5.314337253570557,5.303643703460693
5.309089660644531,5.306317329406738
5.303840637207031,5.307010173797607
5.309089660644531,5.306217670440674
5.303840637207031,5.306935787200928
5.303840637207031,5.306161880493164
5.285695552825928,5.305581569671631
5.285695552825928,5.300610065460205
5.285695552825928,5.296881675720215
5.275234222412109,5.2940850257873535
5.264767169952393,5.289372444152832
5.29315710067749,5.283221244812012
5.282626152038574,5.285705089569092
5.282626152038574,5.284935474395752
5.2878923416137695,5.284358024597168
5.2878923416137695,5.285241603851318
5.375741481781006,5.285904407501221
5.3810834884643555,5.308363437652588
5.375741481781006,5.32654333114624
5.365053176879883,5.338842868804932
5.359706401824951,5.345395565032959
5.349009990692139,5.348973274230957
5.345327377319336,5.348982334136963
5.339962005615234,5.348068714141846
5.334595203399658,5.346042156219482
5.329227447509766,5.343180179595947
5.32385778427124,5.339692115783691
5.350651741027832,5.335733413696289
5.345258712768555,5.339463233947754
5.350651741027832,5.340911865234375
5.356043815612793,5.343347072601318
5.3398637771606445,5.346521377563477
5.417428016662598,5.3448567390441895
5.406494140625,5.362999439239502
5.39008092880249,5.373873233795166
5.379131317138672,5.377925395965576
5.373654365539551,5.3782267570495605
5.438164710998535,5.377083778381348
5.432626247406006,5.3923540115356445
5.432626247406006,5.402421951293945
5.432626247406006,5.40997314453125
5.416001319885254,5.4156365394592285
5.435778617858887,5.415727615356445
5.435778617858887,5.420740604400635
5.446920871734619,5.424499988555908
5.458057403564453,5.430105209350586
5.458057403564453,5.437093257904053
5.474749565124512,5.442334175109863
5.429514408111572,5.450438022613525
5.435038089752197,5.445207118988037
5.429514408111572,5.442665100097656
5.429514408111572,5.439377307891846
5.429514408111572,5.436911582946777
5.491201400756836,5.435062408447266
5.485625743865967,5.449097156524658
5.47446870803833,5.458229064941406
5.468887805938721,5.462288856506348
5.468887805938721,5.4639387130737305
5.528082847595215,5.465176105499268
5.522451400756836,5.480902671813965
5.511183738708496,5.4912896156311035
5.511183738708496,5.49626350402832
5.511183738708496,5.499993324279785
5.522451400756836,5.502790927886963
5.657765865325928,5.507706165313721
5.657765865325928,5.545220851898193
5.663514137268066,5.573357105255127
5.669260501861572,5.595896244049072
5.669260501861572,5.614237308502197
5.732206344604492,5.627993106842041
5.732206344604492,5.654046535491943
5.726415634155273,5.673586368560791
5.714828968048096,5.686793804168701
5.709033489227295,5.693802356719971
5.727558135986328,5.697610378265381
5.721738338470459,5.705097198486328
5.715917110443115,5.70925760269165
5.710093975067139,5.7109222412109375
5.704268932342529,5.710715293884277
5.8579206466674805,5.709103584289551
5.863862037658691,5.746307849884033
5.8579206466674805,5.775696754455566
5.863862037658691,5.796252727508545
5.863862037658691,5.813155174255371
6.001161575317383,5.825831890106201
5.989060878753662,5.869664192199707
6.001161575317383,5.899513244628906
6.001161575317383,5.924925327301025
6.001161575317383,5.943984508514404
5.995112419128418,5.958278656005859
6.130191326141357,5.96748685836792
6.136337757110596,6.008162975311279
6.136337757110596,6.0402069091796875
6.136337757110596,6.064239501953125
6.142481803894043,6.082263946533203
6.243172645568848,6.097318649291992
6.24937629699707,6.133781909942627
6.24937629699707,6.162680625915527
6.25557804107666,6.184354782104492
6.261776924133301,6.202160358428955
6.402266025543213,6.217064380645752
6.40855073928833,6.263364791870117
6.414834022521973,6.299661159515381
6.433668613433838,6.328454494476318
6.439941883087158,6.354758262634277
6.584280490875244,6.376053810119629
6.584280490875244,6.428110599517822
6.597037315368652,6.467153072357178
6.6034111976623535,6.499624252319336
6.6034111976623535,6.525570869445801
6.6034111976623535,6.5450310707092285
6.644991874694824,6.55962610244751
6.651378631591797,6.580967426300049
6.644991874694824,6.598570346832275
6.6386027336120605,6.610175609588623
6.62581729888916,6.617282390594482
6.667771816253662,6.619416236877441
6.661338806152344,6.631505012512207
6.667771816253662,6.63896369934082
6.661338806152344,6.64616584777832
6.654902935028076,6.649959087371826
6.595970153808594,6.651195049285889
6.589572429656982,6.637388706207275
6.589572429656982,6.625434875488281
6.58317232131958,6.616469383239746
6.58317232131958,6.608144760131836
6.589572429656982,6.601902008056641
6.599715232849121,6.598819732666016
6.593307971954346,6.599043369293213
6.593307971954346,6.597609519958496
6.593307971954346,6.596534252166748
6.586897850036621,6.595727920532227
6.679241180419922,6.593520164489746
6.6857008934021,6.614950656890869
6.6857008934021,6.632637977600098
6.679241180419922,6.645903587341309
6.679241180419922,6.654238224029541
6.722302436828613,6.660489082336426
6.709301471710205,6.675942420959473
6.6897783279418945,6.684282302856445
6.670230388641357,6.6856560707092285
6.6506571769714355,6.68179988861084
6.641104221343994,6.674014091491699
6.621504306793213,6.6657867431640625
6.614965438842773,6.6547160148620605
6.608423709869385,6.644778251647949
6.601879119873047,6.635689735412598
6.659374713897705,6.627237319946289
6.652772426605225,6.6352715492248535
6.632945537567139,6.639646530151367
6.626331329345703,6.6379714012146
6.626331329345703,6.635061264038086
6.61971378326416,6.63287878036499
6.568784236907959,6.629587650299072
6.568784236907959,6.614387035369873
6.562185764312744,6.6029863357543945
6.55558443069458,6.5927863121032715
6.55558443069458,6.5834856033325195
6.600598335266113,6.576510429382324
6.600598335266113,6.5825324058532715
6.607232570648193,6.5870490074157715
6.607232570648193,6.592094898223877
6.607232570648193,6.595879077911377
6.683860778808594,6.59871768951416
6.69054651260376,6.6200032234191895
6.697229862213135,6.637639045715332
6.697229862213135,6.652536869049072
6.710587024688721,6.663710117340088
6.71726131439209,6.675429344177246
6.72791051864624,6.685887336730957
6.72791051864624,6.696393013000488
6.72791051864624,6.704272270202637
6.72791051864624,6.710181713104248
6.734597206115723,6.714613914489746
6.76077127456665,6.71960973739624
6.767465114593506,6.729899883270264
6.77415657043457,6.739291191101074
6.7942118644714355,6.748007774353027
6.814241409301758,6.75955867767334
6.861380577087402,6.773229598999023
6.8813886642456055,6.795267105102539
6.901368618011475,6.816797733306885
6.927967548370361,6.837940216064453
6.947885036468506,6.860446929931641
6.998565673828125,6.8823065757751465
7.01848840713501,6.911371231079102
7.038383960723877,6.938150405883789
7.051631927490234,6.96320915222168
7.078092575073242,6.985314846038818
7.1044158935546875,7.008509159088135
7.111025333404541,7.0324859619140625
7.124235153198242,7.052120685577393
7.13743257522583,7.0701494216918945
7.13743257522583,7.086970329284668
7.144026279449463,7.099586009979248
7.1108784675598145,7.110695838928223
7.1174492835998535,7.11074161529541
7.1174492835998535,7.1124186515808105
7.1174492835998535,7.113676071166992
7.1174492835998535,7.114619255065918
7.305857181549072,7.115326881408691
7.312524318695068,7.162959575653076
7.312524318695068,7.200350761413574
7.319188594818115,7.228394031524658
7.312524318695068,7.251092910766602
7.242933750152588,7.266450881958008
7.249556064605713,7.260571479797363
7.249556064605713,7.25781774520874
7.242933750152588,7.255752086639404
7.236307621002197,7.252547740936279
7.200173377990723,7.24848747253418
7.18691349029541,7.2364091873168945
7.193545341491699,7.224035263061523
7.193545341491699,7.216412544250488
7.206799030303955,7.210695743560791
7.21342134475708,7.209721565246582
7.206714153289795,7.210646629333496
7.200081825256348,7.209663391113281
7.186807632446289,7.207268238067627
7.1801652908325195,7.202152729034424
7.166872024536133,7.196656227111816
7.071566581726074,7.189209938049316
7.058365345001221,7.159799098968506
7.051759719848633,7.1344404220581055
7.045151710510254,7.113770484924316
7.038540363311768,7.096615791320801
7.046905994415283,7.082097053527832
7.03367805480957,7.073299407958984
7.027060031890869,7.063394069671631
7.03367805480957,7.054310321807861
7.027060031890869,7.049152374267578
6.9118781089782715,7.043629169464111
6.89876651763916,7.0106916427612305
6.89876651763916,6.982710361480713
6.885643482208252,6.961724281311035
6.86593770980835,6.942704200744629
6.846205234527588,6.9235124588012695
6.993932723999023,6.904185771942139
6.987236976623535,6.92662239074707
6.973835468292236,6.941776275634766
6.967130184173584,6.949790954589844
6.960421562194824,6.954125881195068
7.044712543487549,6.955699443817139
7.0311598777771,6.97795295715332
7.004017353057861,6.991254806518555
6.990427494049072,6.994445323944092
6.976823806762695,6.993440628051758
7.02463960647583,6.989286422729492
7.004092216491699,6.998125076293945
6.990377426147461,6.999616622924805
6.98351526260376,6.997306823730469
6.98351526260376,6.993858814239502
7.02821159362793,6.991272926330566
7.021308898925781,7.000507831573486
7.014402389526367,7.00570821762085
7.0074920654296875,7.0078816413879395
7.0074920654296875,7.007784366607666
7.014402389526367,7.007711410522461
7.0363359451293945,7.0093841552734375
7.043248653411865,7.016121864318848
7.043248653411865,7.022903919219971
7.043248653411865,7.027989864349365
7.063969135284424,7.03180456161499
7.05381965637207,7.039845943450928
7.06760311126709,7.043339252471924
7.0813727378845215,7.049405097961426
7.0813727378845215,7.05739688873291
7.10200309753418,7.063390731811523
7.106878757476807,7.0730438232421875
7.120575428009033,7.081502914428711
7.134259223937988,7.091270923614502
7.1410956382751465,7.102017879486084
7.16840934753418,7.11178731918335
7.205165386199951,7.125942707061768
7.218803405761719,7.145748615264893
7.239234924316406,7.164012432098389
7.246038913726807,7.1828179359436035
7.280007839202881,7.198623180389404
7.273709297180176,7.218969345092773
7.287221431732178,7.232654094696045
7.30072021484375,7.246295928955078
7.30072021484375,7.259902000427246
7.30072021484375,7.270106792449951
7.307465076446533,7.277760028839111
7.242092132568359,7.285186290740967
7.2554779052734375,7.274412631988525
7.262165546417236,7.269679069519043
7.282209396362305,7.267800807952881
7.28888463973999,7.271402835845947
7.311885833740234,7.275773525238037
7.311885833740234,7.284801483154297
7.311885833740234,7.291572570800781
7.305203914642334,7.2966508865356445
7.311885833740234,7.298789024353027
7.211929798126221,7.302063465118408
7.211929798126221,7.279530048370361
7.205308437347412,7.262629985809326
7.205308437347412,7.248299598693848
7.198684215545654,7.237551689147949
7.1793084144592285,7.227834701538086
7.172678470611572,7.21570348739624
7.166045188903809,7.204946994781494
7.172678470611572,7.195221424102783
7.172678470611572,7.1895856857299805
7.172678470611572,7.185359001159668
7.148930549621582,7.182188987731934
7.14230489730835,7.173874378204346
7.13567590713501,7.165981769561768
7.13567590713501,7.158405303955078
7.129044055938721,7.1527228355407715
7.0516462326049805,7.146803379058838
7.045052528381348,7.123013973236084
7.038455963134766,7.1035237312316895
7.0252532958984375,7.087256908416748
7.018647193908691,7.071755886077881
6.953286647796631,7.058478832244873
6.959856986999512,7.0321807861328125
6.959856986999512,7.014100074768066
6.953286647796631,7.000539302825928
6.953286647796631,6.9887261390686035
6.837348937988281,6.979866027832031
6.837348937988281,6.944236755371094
6.824336051940918,6.917514801025391
6.811311721801758,6.894220352172852
6.798276424407959,6.873493194580078
6.791754722595215,6.854689121246338
6.640456676483154,6.838955402374268
6.62758207321167,6.78933048248291
6.6146979331970215,6.748893737792969
6.601802349090576,6.715344429016113
6.588895797729492,6.6869587898254395
6.479015350341797,6.662443161010742
6.466240882873535,6.616586208343506
6.453455448150635,6.578999996185303
6.44066047668457,6.547613620758057
6.427855014801025,6.520875453948975
6.289709091186523,6.497620582580566
6.283390522003174,6.445642471313477
6.277069568634033,6.405079364776611
6.277069568634033,6.373076915740967
6.270746231079102,6.3490753173828125
6.264420509338379,6.329493045806885
6.177719593048096,6.313224792480469
6.171457290649414,6.279348373413086
6.171457290649414,6.252375602722168
6.171457290649414,6.232146263122559
6.165192604064941,6.216973781585693
6.062771797180176,6.204028606414795
6.056576728820801,6.16871452331543
6.056576728820801,6.140679836273193
6.050380706787109,6.119654178619385
6.056576728820801,6.1023359298706055
5.843105792999268,6.090896129608154
5.849123954772949,6.0289483070373535
5.861153602600098,5.983992099761963
5.867165565490723,5.953282833099365
5.879182815551758,5.931753635406494
5.7142486572265625,5.918610572814941
5.72596549987793,5.867520332336426
5.737674713134766,5.832131385803223
5.743526935577393,5.8085174560546875
5.749377250671387,5.792269706726074
5.577595233917236,5.781546592712402
5.588998317718506,5.7305588722229
5.600393295288086,5.695168495178223
5.611782073974609,5.671474933624268
5.623164176940918,5.656551837921143
5.628851890563965,5.648204803466797
5.5237932205200195,5.64336633682251
5.534968852996826,5.613473415374756
5.546138286590576,5.593847274780273
5.557300090789795,5.5819196701049805
5.574031352996826,5.575765132904053
5.520059585571289,5.575331687927246
5.525583267211914,5.561513423919678
5.531105995178223,5.5525312423706055
5.547664165496826,5.54717493057251
5.558694839477539,5.54729700088501
5.484330654144287,5.550146579742432
5.495211601257324,5.533692359924316
5.500649929046631,5.524072170257568
5.506086826324463,5.518216609954834
5.511521816253662,5.51518440246582
5.516955375671387,5.51426887512207
5.4536614418029785,5.51494026184082
5.459036827087402,5.49962043762207
5.46441125869751,5.489474773406982
5.469784259796143,5.483208656311035
5.48052453994751,5.479852676391602
5.362917423248291,5.480020523071289
5.368185997009277,5.45074462890625
5.368185997009277,5.430105209350586
5.368185997009277,5.414625644683838
5.368185997009277,5.403015613555908
5.3113250732421875,5.394308090209961
5.3113250732421875,5.373562335968018
5.316546440124512,5.35800313949585
5.316546440124512,5.3476386070251465
5.316546440124512,5.339865684509277
5.179956436157227,5.334035873413086
5.179956436157227,5.295516014099121
5.174846172332764,5.266625881195068
5.174846172332764,5.243680953979492
5.174846172332764,5.2264723777771
5.015259265899658,5.213565826416016
5.015259265899658,5.163989067077637
5.025224685668945,5.126806735992432
5.035185813903809,5.10141134262085
5.040163993835449,5.084854602813721
4.871203422546387,5.073681831359863
4.880853652954102,5.023062229156494
4.880853652954102,4.9875102043151855
4.871203422546387,4.960845947265625
4.861548900604248,4.9384355545043945
4.861548900604248,4.919213771820068
4.717893123626709,4.904797554016113
4.713181495666504,4.858071327209473
4.713181495666504,4.8218488693237305
4.708469390869141,4.794682025909424
5.135156154632568,4.773128986358643
4.9056501388549805,4.863636016845703
4.900768280029297,4.874139308929443
4.900768280029297,4.880796432495117
4.9056501388549805,4.885789394378662
4.910531044006348,4.890754699707031
4.745205402374268,4.8956990242004395
4.74045991897583,4.8580756187438965
4.7262187004089355,4.828671455383301
4.702463626861572,4.80305814743042
4.678683280944824,4.777909755706787
4.659641265869141,4.753103256225586
4.456222057342529,4.729737758636475
4.43781042098999,4.661358833312988
4.4332051277160645,4.605471611022949
4.423991680145264,4.562405109405518
4.414775371551514,4.527801513671875
4.233999252319336,4.499545097351074
4.216145992279053,4.433158874511719
4.20721435546875,4.378905296325684
4.193810939788818,4.335982799530029
4.175928592681885,4.300439834594727
3.9698784351348877,4.269311904907227
3.9527394771575928,4.194453716278076
3.9355897903442383,4.1340250968933105
3.922720432281494,4.084416389465332
3.914137840270996,4.043992519378662
3.6542904376983643,4.011528491973877
3.6340320110321045,3.9222190380096436
3.6178152561187744,3.850172281265259
4.146543025970459,3.7920830249786377
4.128093719482422,3.8806979656219482
3.8887248039245605,3.942546844482422
3.8711464405059814,3.929091453552246
3.8491580486297607,3.914605140686035
3.8271522521972656,3.8982434272766113
3.8139402866363525,3.8804705142974854
3.800722599029541,3.863837957382202
3.4755516052246094,3.8480591773986816
3.4592299461364746,3.754932403564453
3.442899703979492,3.681006669998169
3.426560640335083,3.6214799880981445
3.406125068664551,3.5727500915527344
3.127383232116699,3.5310938358306885
3.112166166305542,3.430166244506836
3.096942663192749,3.3506662845611572
3.081712484359741,3.2872352600097656
3.0626652240753174,3.2358546257019043
2.8550214767456055,3.1925573348999023
2.8370745182037354,3.108173370361328
2.8155269622802734,3.040398597717285
2.7939674854278564,2.9841806888580322
2.7723958492279053,2.9366273880004883
2.5642802715301514,2.8955695629119873
2.5474770069122314,2.8127472400665283
2.9698805809020996,2.746429681777954
2.9502902030944824,2.8022923469543457
2.926767587661743,2.83929181098938
2.9110777378082275,2.8611607551574707
2.5457897186279297,2.8736400604248047
2.535388946533203,2.791677474975586
2.5249857902526855,2.7276053428649902
2.5180487632751465,2.676950454711914
2.50417160987854,2.6372249126434326
1.810041904449463,2.603961706161499
1.7973129749298096,2.4054818153381348
1.7845813035964966,2.2534396648406982
1.771847128868103,2.1362249851226807
1.7591100931167603,2.045130491256714
1.6518914699554443,1.9736254215240479
1.6374351978302002,1.893191933631897
1.6229757070541382,1.8292527198791504
1.6085131168365479,1.7776834964752197
1.5940474271774292,1.7353909015655518
1.5062922239303589,1.7000550031661987
1.4947842359542847,1.6516143083572388
1.4855766296386719,1.612406849861145
1.4717628955841064,1.5806992053985596
1.460249662399292,1.5534651279449463
1.4487346410751343,1.5301612615585327
1.4204295873641968,1.509804606437683
1.413609266281128,1.4874608516693115
1.4067884683609009,1.4689979553222656
1.3954191207885742,1.453445553779602
1.3863223791122437,1.4389389753341675
1.2693854570388794,1.4257848262786865
1.2630903720855713,1.3866850137710571
1.2588932514190674,1.3557863235473633
1.252597451210022,1.3315629959106445
1.2463011741638184,1.311821699142456
1.5153812170028687,1.2954415082931519
1.5102711915969849,1.350426435470581
1.5051610469818115,1.3903876543045044
1.50005042552948,1.4190809726715088
1.50005042552948,1.4393233060836792
1.5560247898101807,1.4545050859451294
1.5533753633499146,1.4798849821090698
1.5533753633499146,1.4982576370239258
1.5480762720108032,1.5120370388031006
1.5427765846252441,1.5210468769073486
1.5401266813278198,1.5264792442321777
1.6078544855117798,1.5298911333084106
1.5995454788208008,1.549381971359253
1.5912353992462158,1.5619227886199951
1.5856947898864746,1.5692509412765503
1.5801538228988647,1.573361873626709
1.6557761430740356,1.5750598907470703
1.6528700590133667,1.5952389240264893
1.649963617324829,1.6096466779708862
1.6441503763198853,1.6197259426116943
1.632522702217102,1.6258320808410645
1.6646085977554321,1.6275047063827515
1.6527326107025146,1.6367806196212769
1.6467938423156738,1.6407686471939087
1.6438242197036743,1.6422749757766724
1.6378847360610962,1.6426622867584229
1.6425769329071045,1.6414679288864136
1.6395930051803589,1.6417450904846191
1.6306408643722534,1.6412070989608765
1.6246720552444458,1.6385655403137207
2.0415475368499756,1.6350921392440796
2.0340394973754883,1.736706018447876
2.0919413566589355,1.8110394477844238
2.0880613327026367,1.8812649250030518
2.076418876647949,1.9329639673233032
2.072537422180176,1.968827724456787
2.0686557292938232,1.9947551488876343
2.196866512298584,2.013230323791504
2.184471368789673,2.0591392517089844
2.176206350326538,2.090472459793091
2.1638059616088867,2.111905813217163
2.1555373668670654,2.124880790710449
2.158440113067627,2.132544994354248
2.1501269340515137,2.1390187740325928
2.141812562942505,2.1417958736419678
2.129338502883911,2.1418001651763916
2.121020793914795,2.1386847496032715
2.057966709136963,2.1342687606811523
2.049839973449707,2.1151931285858154
2.0417120456695557,2.0988547801971436
2.0335826873779297,2.084569215774536
2.029517650604248,2.07182240486145
2.0150094032287598,2.061246395111084
2.0069186687469482,2.049687147140503
1.998826503753662,2.0389950275421143
1.99073326587677,2.0289528369903564
1.9785912036895752,2.0193979740142822
1.9704948663711548,2.0091962814331055
1.962813138961792,1.9995208978652954
1.950636863708496,1.9903439283370972
1.9384578466415405,1.9804171323776245
1.9262763261795044,1.9699273109436035
1.9181538820266724,1.9590145349502563
1.776189923286438,1.9487993717193604
1.7686066627502441,1.9056470394134521
2.410365581512451,1.8713868856430054
2.4000909328460693,2.006131649017334
2.3898143768310547,2.104621410369873
2.4401347637176514,2.175919771194458
2.4242985248565674,2.241973400115967
2.4137375354766846,2.2875547409057617
2.40317440032959,2.3191003799438477
2.392608880996704,2.340118885040283
2.376755475997925,2.353241443634033
2.310462713241577,2.3591198921203613
2.279242753982544,2.3469555377960205
2.242793321609497,2.3300273418426514
2.2167415618896484,2.3082189559936523
2.195889949798584,2.2853496074676514
2.0727076530456543,2.2629847526550293
2.0426888465881348,2.2154154777526855
2.0076451301574707,2.172233819961548
1.9826000928878784,2.131086587905884
1.962556004524231,2.0939650535583496
1.9895124435424805,2.061112642288208
1.9639121294021606,2.043212652206421
1.9485464096069336,2.0233874320983887
1.9280521869659424,2.0046772956848145
1.9024239778518677,1.9855209589004517
1.753814697265625,1.9647467136383057
1.7346664667129517,1.9120137691497803
1.7155122756958008,1.8676769733428955
1.7011429071426392,1.829635739326477
1.681978702545166,1.7975125312805176
1.5088919401168823,1.7686290740966797
1.5002046823501587,1.7036948204040527
